,url,comments_url,user
0,https://api.github.com/repos/pandas-dev/pandas/issues/46197,https://api.github.com/repos/pandas-dev/pandas/issues/46197/comments,"{'login': 'jbrockmendel', 'id': 8078968, 'node_id': 'MDQ6VXNlcjgwNzg5Njg=', 'avatar_url': 'https://avatars.githubusercontent.com/u/8078968?v=4', 'gravatar_id': '', 'url': 'https://api.github.com/users/jbrockmendel', 'html_url': 'https://github.com/jbrockmendel', 'followers_url': 'https://api.github.com/users/jbrockmendel/followers', 'following_url': 'https://api.github.com/users/jbrockmendel/following{/other_user}', 'gists_url': 'https://api.github.com/users/jbrockmendel/gists{/gist_id}', 'starred_url': 'https://api.github.com/users/jbrockmendel/starred{/owner}{/repo}', 'subscriptions_url': 'https://api.github.com/users/jbrockmendel/subscriptions', 'organizations_url': 'https://api.github.com/users/jbrockmendel/orgs', 'repos_url': 'https://api.github.com/users/jbrockmendel/repos', 'events_url': 'https://api.github.com/users/jbrockmendel/events{/privacy}', 'received_events_url': 'https://api.github.com/users/jbrockmendel/received_events', 'type': 'User', 'site_admin': False}"
1,https://api.github.com/repos/pandas-dev/pandas/issues/46196,https://api.github.com/repos/pandas-dev/pandas/issues/46196/comments,"{'login': 'jbrockmendel', 'id': 8078968, 'node_id': 'MDQ6VXNlcjgwNzg5Njg=', 'avatar_url': 'https://avatars.githubusercontent.com/u/8078968?v=4', 'gravatar_id': '', 'url': 'https://api.github.com/users/jbrockmendel', 'html_url': 'https://github.com/jbrockmendel', 'followers_url': 'https://api.github.com/users/jbrockmendel/followers', 'following_url': 'https://api.github.com/users/jbrockmendel/following{/other_user}', 'gists_url': 'https://api.github.com/users/jbrockmendel/gists{/gist_id}', 'starred_url': 'https://api.github.com/users/jbrockmendel/starred{/owner}{/repo}', 'subscriptions_url': 'https://api.github.com/users/jbrockmendel/subscriptions', 'organizations_url': 'https://api.github.com/users/jbrockmendel/orgs', 'repos_url': 'https://api.github.com/users/jbrockmendel/repos', 'events_url': 'https://api.github.com/users/jbrockmendel/events{/privacy}', 'received_events_url': 'https://api.github.com/users/jbrockmendel/received_events', 'type': 'User', 'site_admin': False}"
2,https://api.github.com/repos/pandas-dev/pandas/issues/46195,https://api.github.com/repos/pandas-dev/pandas/issues/46195/comments,"{'login': 'NumberPiOso', 'id': 46936498, 'node_id': 'MDQ6VXNlcjQ2OTM2NDk4', 'avatar_url': 'https://avatars.githubusercontent.com/u/46936498?v=4', 'gravatar_id': '', 'url': 'https://api.github.com/users/NumberPiOso', 'html_url': 'https://github.com/NumberPiOso', 'followers_url': 'https://api.github.com/users/NumberPiOso/followers', 'following_url': 'https://api.github.com/users/NumberPiOso/following{/other_user}', 'gists_url': 'https://api.github.com/users/NumberPiOso/gists{/gist_id}', 'starred_url': 'https://api.github.com/users/NumberPiOso/starred{/owner}{/repo}', 'subscriptions_url': 'https://api.github.com/users/NumberPiOso/subscriptions', 'organizations_url': 'https://api.github.com/users/NumberPiOso/orgs', 'repos_url': 'https://api.github.com/users/NumberPiOso/repos', 'events_url': 'https://api.github.com/users/NumberPiOso/events{/privacy}', 'received_events_url': 'https://api.github.com/users/NumberPiOso/received_events', 'type': 'User', 'site_admin': False}"
3,https://api.github.com/repos/pandas-dev/pandas/issues/46191,https://api.github.com/repos/pandas-dev/pandas/issues/46191/comments,"{'login': 'mroeschke', 'id': 10647082, 'node_id': 'MDQ6VXNlcjEwNjQ3MDgy', 'avatar_url': 'https://avatars.githubusercontent.com/u/10647082?v=4', 'gravatar_id': '', 'url': 'https://api.github.com/users/mroeschke', 'html_url': 'https://github.com/mroeschke', 'followers_url': 'https://api.github.com/users/mroeschke/followers', 'following_url': 'https://api.github.com/users/mroeschke/following{/other_user}', 'gists_url': 'https://api.github.com/users/mroeschke/gists{/gist_id}', 'starred_url': 'https://api.github.com/users/mroeschke/starred{/owner}{/repo}', 'subscriptions_url': 'https://api.github.com/users/mroeschke/subscriptions', 'organizations_url': 'https://api.github.com/users/mroeschke/orgs', 'repos_url': 'https://api.github.com/users/mroeschke/repos', 'events_url': 'https://api.github.com/users/mroeschke/events{/privacy}', 'received_events_url': 'https://api.github.com/users/mroeschke/received_events', 'type': 'User', 'site_admin': False}"
4,https://api.github.com/repos/pandas-dev/pandas/issues/46187,https://api.github.com/repos/pandas-dev/pandas/issues/46187/comments,"{'login': 'theinexorable', 'id': 51996504, 'node_id': 'MDQ6VXNlcjUxOTk2NTA0', 'avatar_url': 'https://avatars.githubusercontent.com/u/51996504?v=4', 'gravatar_id': '', 'url': 'https://api.github.com/users/theinexorable', 'html_url': 'https://github.com/theinexorable', 'followers_url': 'https://api.github.com/users/theinexorable/followers', 'following_url': 'https://api.github.com/users/theinexorable/following{/other_user}', 'gists_url': 'https://api.github.com/users/theinexorable/gists{/gist_id}', 'starred_url': 'https://api.github.com/users/theinexorable/starred{/owner}{/repo}', 'subscriptions_url': 'https://api.github.com/users/theinexorable/subscriptions', 'organizations_url': 'https://api.github.com/users/theinexorable/orgs', 'repos_url': 'https://api.github.com/users/theinexorable/repos', 'events_url': 'https://api.github.com/users/theinexorable/events{/privacy}', 'received_events_url': 'https://api.github.com/users/theinexorable/received_events', 'type': 'User', 'site_admin': False}"
5,https://api.github.com/repos/pandas-dev/pandas/issues/46185,https://api.github.com/repos/pandas-dev/pandas/issues/46185/comments,"{'login': 'RagBlufThim', 'id': 25440862, 'node_id': 'MDQ6VXNlcjI1NDQwODYy', 'avatar_url': 'https://avatars.githubusercontent.com/u/25440862?v=4', 'gravatar_id': '', 'url': 'https://api.github.com/users/RagBlufThim', 'html_url': 'https://github.com/RagBlufThim', 'followers_url': 'https://api.github.com/users/RagBlufThim/followers', 'following_url': 'https://api.github.com/users/RagBlufThim/following{/other_user}', 'gists_url': 'https://api.github.com/users/RagBlufThim/gists{/gist_id}', 'starred_url': 'https://api.github.com/users/RagBlufThim/starred{/owner}{/repo}', 'subscriptions_url': 'https://api.github.com/users/RagBlufThim/subscriptions', 'organizations_url': 'https://api.github.com/users/RagBlufThim/orgs', 'repos_url': 'https://api.github.com/users/RagBlufThim/repos', 'events_url': 'https://api.github.com/users/RagBlufThim/events{/privacy}', 'received_events_url': 'https://api.github.com/users/RagBlufThim/received_events', 'type': 'User', 'site_admin': False}"
6,https://api.github.com/repos/pandas-dev/pandas/issues/46179,https://api.github.com/repos/pandas-dev/pandas/issues/46179/comments,"{'login': 'johannes-mueller', 'id': 5902745, 'node_id': 'MDQ6VXNlcjU5MDI3NDU=', 'avatar_url': 'https://avatars.githubusercontent.com/u/5902745?v=4', 'gravatar_id': '', 'url': 'https://api.github.com/users/johannes-mueller', 'html_url': 'https://github.com/johannes-mueller', 'followers_url': 'https://api.github.com/users/johannes-mueller/followers', 'following_url': 'https://api.github.com/users/johannes-mueller/following{/other_user}', 'gists_url': 'https://api.github.com/users/johannes-mueller/gists{/gist_id}', 'starred_url': 'https://api.github.com/users/johannes-mueller/starred{/owner}{/repo}', 'subscriptions_url': 'https://api.github.com/users/johannes-mueller/subscriptions', 'organizations_url': 'https://api.github.com/users/johannes-mueller/orgs', 'repos_url': 'https://api.github.com/users/johannes-mueller/repos', 'events_url': 'https://api.github.com/users/johannes-mueller/events{/privacy}', 'received_events_url': 'https://api.github.com/users/johannes-mueller/received_events', 'type': 'User', 'site_admin': False}"
7,https://api.github.com/repos/pandas-dev/pandas/issues/46178,https://api.github.com/repos/pandas-dev/pandas/issues/46178/comments,"{'login': 'tritemio', 'id': 4156237, 'node_id': 'MDQ6VXNlcjQxNTYyMzc=', 'avatar_url': 'https://avatars.githubusercontent.com/u/4156237?v=4', 'gravatar_id': '', 'url': 'https://api.github.com/users/tritemio', 'html_url': 'https://github.com/tritemio', 'followers_url': 'https://api.github.com/users/tritemio/followers', 'following_url': 'https://api.github.com/users/tritemio/following{/other_user}', 'gists_url': 'https://api.github.com/users/tritemio/gists{/gist_id}', 'starred_url': 'https://api.github.com/users/tritemio/starred{/owner}{/repo}', 'subscriptions_url': 'https://api.github.com/users/tritemio/subscriptions', 'organizations_url': 'https://api.github.com/users/tritemio/orgs', 'repos_url': 'https://api.github.com/users/tritemio/repos', 'events_url': 'https://api.github.com/users/tritemio/events{/privacy}', 'received_events_url': 'https://api.github.com/users/tritemio/received_events', 'type': 'User', 'site_admin': False}"
8,https://api.github.com/repos/pandas-dev/pandas/issues/46176,https://api.github.com/repos/pandas-dev/pandas/issues/46176/comments,"{'login': 'mach881040', 'id': 100502242, 'node_id': 'U_kgDOBf2K4g', 'avatar_url': 'https://avatars.githubusercontent.com/u/100502242?v=4', 'gravatar_id': '', 'url': 'https://api.github.com/users/mach881040', 'html_url': 'https://github.com/mach881040', 'followers_url': 'https://api.github.com/users/mach881040/followers', 'following_url': 'https://api.github.com/users/mach881040/following{/other_user}', 'gists_url': 'https://api.github.com/users/mach881040/gists{/gist_id}', 'starred_url': 'https://api.github.com/users/mach881040/starred{/owner}{/repo}', 'subscriptions_url': 'https://api.github.com/users/mach881040/subscriptions', 'organizations_url': 'https://api.github.com/users/mach881040/orgs', 'repos_url': 'https://api.github.com/users/mach881040/repos', 'events_url': 'https://api.github.com/users/mach881040/events{/privacy}', 'received_events_url': 'https://api.github.com/users/mach881040/received_events', 'type': 'User', 'site_admin': False}"
9,https://api.github.com/repos/pandas-dev/pandas/issues/46174,https://api.github.com/repos/pandas-dev/pandas/issues/46174/comments,"{'login': 'fractionalhare', 'id': 10540830, 'node_id': 'MDQ6VXNlcjEwNTQwODMw', 'avatar_url': 'https://avatars.githubusercontent.com/u/10540830?v=4', 'gravatar_id': '', 'url': 'https://api.github.com/users/fractionalhare', 'html_url': 'https://github.com/fractionalhare', 'followers_url': 'https://api.github.com/users/fractionalhare/followers', 'following_url': 'https://api.github.com/users/fractionalhare/following{/other_user}', 'gists_url': 'https://api.github.com/users/fractionalhare/gists{/gist_id}', 'starred_url': 'https://api.github.com/users/fractionalhare/starred{/owner}{/repo}', 'subscriptions_url': 'https://api.github.com/users/fractionalhare/subscriptions', 'organizations_url': 'https://api.github.com/users/fractionalhare/orgs', 'repos_url': 'https://api.github.com/users/fractionalhare/repos', 'events_url': 'https://api.github.com/users/fractionalhare/events{/privacy}', 'received_events_url': 'https://api.github.com/users/fractionalhare/received_events', 'type': 'User', 'site_admin': False}"
10,https://api.github.com/repos/pandas-dev/pandas/issues/46173,https://api.github.com/repos/pandas-dev/pandas/issues/46173/comments,"{'login': 'macsakow', 'id': 10297014, 'node_id': 'MDQ6VXNlcjEwMjk3MDE0', 'avatar_url': 'https://avatars.githubusercontent.com/u/10297014?v=4', 'gravatar_id': '', 'url': 'https://api.github.com/users/macsakow', 'html_url': 'https://github.com/macsakow', 'followers_url': 'https://api.github.com/users/macsakow/followers', 'following_url': 'https://api.github.com/users/macsakow/following{/other_user}', 'gists_url': 'https://api.github.com/users/macsakow/gists{/gist_id}', 'starred_url': 'https://api.github.com/users/macsakow/starred{/owner}{/repo}', 'subscriptions_url': 'https://api.github.com/users/macsakow/subscriptions', 'organizations_url': 'https://api.github.com/users/macsakow/orgs', 'repos_url': 'https://api.github.com/users/macsakow/repos', 'events_url': 'https://api.github.com/users/macsakow/events{/privacy}', 'received_events_url': 'https://api.github.com/users/macsakow/received_events', 'type': 'User', 'site_admin': False}"
11,https://api.github.com/repos/pandas-dev/pandas/issues/46171,https://api.github.com/repos/pandas-dev/pandas/issues/46171/comments,"{'login': 'Dr-Irv', 'id': 15113894, 'node_id': 'MDQ6VXNlcjE1MTEzODk0', 'avatar_url': 'https://avatars.githubusercontent.com/u/15113894?v=4', 'gravatar_id': '', 'url': 'https://api.github.com/users/Dr-Irv', 'html_url': 'https://github.com/Dr-Irv', 'followers_url': 'https://api.github.com/users/Dr-Irv/followers', 'following_url': 'https://api.github.com/users/Dr-Irv/following{/other_user}', 'gists_url': 'https://api.github.com/users/Dr-Irv/gists{/gist_id}', 'starred_url': 'https://api.github.com/users/Dr-Irv/starred{/owner}{/repo}', 'subscriptions_url': 'https://api.github.com/users/Dr-Irv/subscriptions', 'organizations_url': 'https://api.github.com/users/Dr-Irv/orgs', 'repos_url': 'https://api.github.com/users/Dr-Irv/repos', 'events_url': 'https://api.github.com/users/Dr-Irv/events{/privacy}', 'received_events_url': 'https://api.github.com/users/Dr-Irv/received_events', 'type': 'User', 'site_admin': False}"
12,https://api.github.com/repos/pandas-dev/pandas/issues/46167,https://api.github.com/repos/pandas-dev/pandas/issues/46167/comments,"{'login': 'weikhor', 'id': 36619387, 'node_id': 'MDQ6VXNlcjM2NjE5Mzg3', 'avatar_url': 'https://avatars.githubusercontent.com/u/36619387?v=4', 'gravatar_id': '', 'url': 'https://api.github.com/users/weikhor', 'html_url': 'https://github.com/weikhor', 'followers_url': 'https://api.github.com/users/weikhor/followers', 'following_url': 'https://api.github.com/users/weikhor/following{/other_user}', 'gists_url': 'https://api.github.com/users/weikhor/gists{/gist_id}', 'starred_url': 'https://api.github.com/users/weikhor/starred{/owner}{/repo}', 'subscriptions_url': 'https://api.github.com/users/weikhor/subscriptions', 'organizations_url': 'https://api.github.com/users/weikhor/orgs', 'repos_url': 'https://api.github.com/users/weikhor/repos', 'events_url': 'https://api.github.com/users/weikhor/events{/privacy}', 'received_events_url': 'https://api.github.com/users/weikhor/received_events', 'type': 'User', 'site_admin': False}"
13,https://api.github.com/repos/pandas-dev/pandas/issues/46166,https://api.github.com/repos/pandas-dev/pandas/issues/46166/comments,"{'login': 'J0', 'id': 8011761, 'node_id': 'MDQ6VXNlcjgwMTE3NjE=', 'avatar_url': 'https://avatars.githubusercontent.com/u/8011761?v=4', 'gravatar_id': '', 'url': 'https://api.github.com/users/J0', 'html_url': 'https://github.com/J0', 'followers_url': 'https://api.github.com/users/J0/followers', 'following_url': 'https://api.github.com/users/J0/following{/other_user}', 'gists_url': 'https://api.github.com/users/J0/gists{/gist_id}', 'starred_url': 'https://api.github.com/users/J0/starred{/owner}{/repo}', 'subscriptions_url': 'https://api.github.com/users/J0/subscriptions', 'organizations_url': 'https://api.github.com/users/J0/orgs', 'repos_url': 'https://api.github.com/users/J0/repos', 'events_url': 'https://api.github.com/users/J0/events{/privacy}', 'received_events_url': 'https://api.github.com/users/J0/received_events', 'type': 'User', 'site_admin': False}"
14,https://api.github.com/repos/pandas-dev/pandas/issues/46164,https://api.github.com/repos/pandas-dev/pandas/issues/46164/comments,"{'login': 'lukemanley', 'id': 8519523, 'node_id': 'MDQ6VXNlcjg1MTk1MjM=', 'avatar_url': 'https://avatars.githubusercontent.com/u/8519523?v=4', 'gravatar_id': '', 'url': 'https://api.github.com/users/lukemanley', 'html_url': 'https://github.com/lukemanley', 'followers_url': 'https://api.github.com/users/lukemanley/followers', 'following_url': 'https://api.github.com/users/lukemanley/following{/other_user}', 'gists_url': 'https://api.github.com/users/lukemanley/gists{/gist_id}', 'starred_url': 'https://api.github.com/users/lukemanley/starred{/owner}{/repo}', 'subscriptions_url': 'https://api.github.com/users/lukemanley/subscriptions', 'organizations_url': 'https://api.github.com/users/lukemanley/orgs', 'repos_url': 'https://api.github.com/users/lukemanley/repos', 'events_url': 'https://api.github.com/users/lukemanley/events{/privacy}', 'received_events_url': 'https://api.github.com/users/lukemanley/received_events', 'type': 'User', 'site_admin': False}"
15,https://api.github.com/repos/pandas-dev/pandas/issues/46162,https://api.github.com/repos/pandas-dev/pandas/issues/46162/comments,"{'login': 'weikhor', 'id': 36619387, 'node_id': 'MDQ6VXNlcjM2NjE5Mzg3', 'avatar_url': 'https://avatars.githubusercontent.com/u/36619387?v=4', 'gravatar_id': '', 'url': 'https://api.github.com/users/weikhor', 'html_url': 'https://github.com/weikhor', 'followers_url': 'https://api.github.com/users/weikhor/followers', 'following_url': 'https://api.github.com/users/weikhor/following{/other_user}', 'gists_url': 'https://api.github.com/users/weikhor/gists{/gist_id}', 'starred_url': 'https://api.github.com/users/weikhor/starred{/owner}{/repo}', 'subscriptions_url': 'https://api.github.com/users/weikhor/subscriptions', 'organizations_url': 'https://api.github.com/users/weikhor/orgs', 'repos_url': 'https://api.github.com/users/weikhor/repos', 'events_url': 'https://api.github.com/users/weikhor/events{/privacy}', 'received_events_url': 'https://api.github.com/users/weikhor/received_events', 'type': 'User', 'site_admin': False}"
16,https://api.github.com/repos/pandas-dev/pandas/issues/46156,https://api.github.com/repos/pandas-dev/pandas/issues/46156/comments,"{'login': 'lukemanley', 'id': 8519523, 'node_id': 'MDQ6VXNlcjg1MTk1MjM=', 'avatar_url': 'https://avatars.githubusercontent.com/u/8519523?v=4', 'gravatar_id': '', 'url': 'https://api.github.com/users/lukemanley', 'html_url': 'https://github.com/lukemanley', 'followers_url': 'https://api.github.com/users/lukemanley/followers', 'following_url': 'https://api.github.com/users/lukemanley/following{/other_user}', 'gists_url': 'https://api.github.com/users/lukemanley/gists{/gist_id}', 'starred_url': 'https://api.github.com/users/lukemanley/starred{/owner}{/repo}', 'subscriptions_url': 'https://api.github.com/users/lukemanley/subscriptions', 'organizations_url': 'https://api.github.com/users/lukemanley/orgs', 'repos_url': 'https://api.github.com/users/lukemanley/repos', 'events_url': 'https://api.github.com/users/lukemanley/events{/privacy}', 'received_events_url': 'https://api.github.com/users/lukemanley/received_events', 'type': 'User', 'site_admin': False}"
17,https://api.github.com/repos/pandas-dev/pandas/issues/46154,https://api.github.com/repos/pandas-dev/pandas/issues/46154/comments,"{'login': 'milotoor', 'id': 4667801, 'node_id': 'MDQ6VXNlcjQ2Njc4MDE=', 'avatar_url': 'https://avatars.githubusercontent.com/u/4667801?v=4', 'gravatar_id': '', 'url': 'https://api.github.com/users/milotoor', 'html_url': 'https://github.com/milotoor', 'followers_url': 'https://api.github.com/users/milotoor/followers', 'following_url': 'https://api.github.com/users/milotoor/following{/other_user}', 'gists_url': 'https://api.github.com/users/milotoor/gists{/gist_id}', 'starred_url': 'https://api.github.com/users/milotoor/starred{/owner}{/repo}', 'subscriptions_url': 'https://api.github.com/users/milotoor/subscriptions', 'organizations_url': 'https://api.github.com/users/milotoor/orgs', 'repos_url': 'https://api.github.com/users/milotoor/repos', 'events_url': 'https://api.github.com/users/milotoor/events{/privacy}', 'received_events_url': 'https://api.github.com/users/milotoor/received_events', 'type': 'User', 'site_admin': False}"
18,https://api.github.com/repos/pandas-dev/pandas/issues/46152,https://api.github.com/repos/pandas-dev/pandas/issues/46152/comments,"{'login': 'tehunter', 'id': 7980666, 'node_id': 'MDQ6VXNlcjc5ODA2NjY=', 'avatar_url': 'https://avatars.githubusercontent.com/u/7980666?v=4', 'gravatar_id': '', 'url': 'https://api.github.com/users/tehunter', 'html_url': 'https://github.com/tehunter', 'followers_url': 'https://api.github.com/users/tehunter/followers', 'following_url': 'https://api.github.com/users/tehunter/following{/other_user}', 'gists_url': 'https://api.github.com/users/tehunter/gists{/gist_id}', 'starred_url': 'https://api.github.com/users/tehunter/starred{/owner}{/repo}', 'subscriptions_url': 'https://api.github.com/users/tehunter/subscriptions', 'organizations_url': 'https://api.github.com/users/tehunter/orgs', 'repos_url': 'https://api.github.com/users/tehunter/repos', 'events_url': 'https://api.github.com/users/tehunter/events{/privacy}', 'received_events_url': 'https://api.github.com/users/tehunter/received_events', 'type': 'User', 'site_admin': False}"
19,https://api.github.com/repos/pandas-dev/pandas/issues/46149,https://api.github.com/repos/pandas-dev/pandas/issues/46149/comments,"{'login': 'jukiewiczm', 'id': 8179126, 'node_id': 'MDQ6VXNlcjgxNzkxMjY=', 'avatar_url': 'https://avatars.githubusercontent.com/u/8179126?v=4', 'gravatar_id': '', 'url': 'https://api.github.com/users/jukiewiczm', 'html_url': 'https://github.com/jukiewiczm', 'followers_url': 'https://api.github.com/users/jukiewiczm/followers', 'following_url': 'https://api.github.com/users/jukiewiczm/following{/other_user}', 'gists_url': 'https://api.github.com/users/jukiewiczm/gists{/gist_id}', 'starred_url': 'https://api.github.com/users/jukiewiczm/starred{/owner}{/repo}', 'subscriptions_url': 'https://api.github.com/users/jukiewiczm/subscriptions', 'organizations_url': 'https://api.github.com/users/jukiewiczm/orgs', 'repos_url': 'https://api.github.com/users/jukiewiczm/repos', 'events_url': 'https://api.github.com/users/jukiewiczm/events{/privacy}', 'received_events_url': 'https://api.github.com/users/jukiewiczm/received_events', 'type': 'User', 'site_admin': False}"
20,https://api.github.com/repos/pandas-dev/pandas/issues/46147,https://api.github.com/repos/pandas-dev/pandas/issues/46147/comments,"{'login': 'harahu', 'id': 6145801, 'node_id': 'MDQ6VXNlcjYxNDU4MDE=', 'avatar_url': 'https://avatars.githubusercontent.com/u/6145801?v=4', 'gravatar_id': '', 'url': 'https://api.github.com/users/harahu', 'html_url': 'https://github.com/harahu', 'followers_url': 'https://api.github.com/users/harahu/followers', 'following_url': 'https://api.github.com/users/harahu/following{/other_user}', 'gists_url': 'https://api.github.com/users/harahu/gists{/gist_id}', 'starred_url': 'https://api.github.com/users/harahu/starred{/owner}{/repo}', 'subscriptions_url': 'https://api.github.com/users/harahu/subscriptions', 'organizations_url': 'https://api.github.com/users/harahu/orgs', 'repos_url': 'https://api.github.com/users/harahu/repos', 'events_url': 'https://api.github.com/users/harahu/events{/privacy}', 'received_events_url': 'https://api.github.com/users/harahu/received_events', 'type': 'User', 'site_admin': False}"
21,https://api.github.com/repos/pandas-dev/pandas/issues/46144,https://api.github.com/repos/pandas-dev/pandas/issues/46144/comments,"{'login': 'mroeschke', 'id': 10647082, 'node_id': 'MDQ6VXNlcjEwNjQ3MDgy', 'avatar_url': 'https://avatars.githubusercontent.com/u/10647082?v=4', 'gravatar_id': '', 'url': 'https://api.github.com/users/mroeschke', 'html_url': 'https://github.com/mroeschke', 'followers_url': 'https://api.github.com/users/mroeschke/followers', 'following_url': 'https://api.github.com/users/mroeschke/following{/other_user}', 'gists_url': 'https://api.github.com/users/mroeschke/gists{/gist_id}', 'starred_url': 'https://api.github.com/users/mroeschke/starred{/owner}{/repo}', 'subscriptions_url': 'https://api.github.com/users/mroeschke/subscriptions', 'organizations_url': 'https://api.github.com/users/mroeschke/orgs', 'repos_url': 'https://api.github.com/users/mroeschke/repos', 'events_url': 'https://api.github.com/users/mroeschke/events{/privacy}', 'received_events_url': 'https://api.github.com/users/mroeschke/received_events', 'type': 'User', 'site_admin': False}"
22,https://api.github.com/repos/pandas-dev/pandas/issues/46141,https://api.github.com/repos/pandas-dev/pandas/issues/46141/comments,"{'login': 'vnlitvinov', 'id': 45396231, 'node_id': 'MDQ6VXNlcjQ1Mzk2MjMx', 'avatar_url': 'https://avatars.githubusercontent.com/u/45396231?v=4', 'gravatar_id': '', 'url': 'https://api.github.com/users/vnlitvinov', 'html_url': 'https://github.com/vnlitvinov', 'followers_url': 'https://api.github.com/users/vnlitvinov/followers', 'following_url': 'https://api.github.com/users/vnlitvinov/following{/other_user}', 'gists_url': 'https://api.github.com/users/vnlitvinov/gists{/gist_id}', 'starred_url': 'https://api.github.com/users/vnlitvinov/starred{/owner}{/repo}', 'subscriptions_url': 'https://api.github.com/users/vnlitvinov/subscriptions', 'organizations_url': 'https://api.github.com/users/vnlitvinov/orgs', 'repos_url': 'https://api.github.com/users/vnlitvinov/repos', 'events_url': 'https://api.github.com/users/vnlitvinov/events{/privacy}', 'received_events_url': 'https://api.github.com/users/vnlitvinov/received_events', 'type': 'User', 'site_admin': False}"
23,https://api.github.com/repos/pandas-dev/pandas/issues/46140,https://api.github.com/repos/pandas-dev/pandas/issues/46140/comments,"{'login': 'weikhor', 'id': 36619387, 'node_id': 'MDQ6VXNlcjM2NjE5Mzg3', 'avatar_url': 'https://avatars.githubusercontent.com/u/36619387?v=4', 'gravatar_id': '', 'url': 'https://api.github.com/users/weikhor', 'html_url': 'https://github.com/weikhor', 'followers_url': 'https://api.github.com/users/weikhor/followers', 'following_url': 'https://api.github.com/users/weikhor/following{/other_user}', 'gists_url': 'https://api.github.com/users/weikhor/gists{/gist_id}', 'starred_url': 'https://api.github.com/users/weikhor/starred{/owner}{/repo}', 'subscriptions_url': 'https://api.github.com/users/weikhor/subscriptions', 'organizations_url': 'https://api.github.com/users/weikhor/orgs', 'repos_url': 'https://api.github.com/users/weikhor/repos', 'events_url': 'https://api.github.com/users/weikhor/events{/privacy}', 'received_events_url': 'https://api.github.com/users/weikhor/received_events', 'type': 'User', 'site_admin': False}"
24,https://api.github.com/repos/pandas-dev/pandas/issues/46138,https://api.github.com/repos/pandas-dev/pandas/issues/46138/comments,"{'login': 'timmy-ops', 'id': 89028359, 'node_id': 'MDQ6VXNlcjg5MDI4MzU5', 'avatar_url': 'https://avatars.githubusercontent.com/u/89028359?v=4', 'gravatar_id': '', 'url': 'https://api.github.com/users/timmy-ops', 'html_url': 'https://github.com/timmy-ops', 'followers_url': 'https://api.github.com/users/timmy-ops/followers', 'following_url': 'https://api.github.com/users/timmy-ops/following{/other_user}', 'gists_url': 'https://api.github.com/users/timmy-ops/gists{/gist_id}', 'starred_url': 'https://api.github.com/users/timmy-ops/starred{/owner}{/repo}', 'subscriptions_url': 'https://api.github.com/users/timmy-ops/subscriptions', 'organizations_url': 'https://api.github.com/users/timmy-ops/orgs', 'repos_url': 'https://api.github.com/users/timmy-ops/repos', 'events_url': 'https://api.github.com/users/timmy-ops/events{/privacy}', 'received_events_url': 'https://api.github.com/users/timmy-ops/received_events', 'type': 'User', 'site_admin': False}"
25,https://api.github.com/repos/pandas-dev/pandas/issues/46135,https://api.github.com/repos/pandas-dev/pandas/issues/46135/comments,"{'login': 'mvashishtha', 'id': 10712109, 'node_id': 'MDQ6VXNlcjEwNzEyMTA5', 'avatar_url': 'https://avatars.githubusercontent.com/u/10712109?v=4', 'gravatar_id': '', 'url': 'https://api.github.com/users/mvashishtha', 'html_url': 'https://github.com/mvashishtha', 'followers_url': 'https://api.github.com/users/mvashishtha/followers', 'following_url': 'https://api.github.com/users/mvashishtha/following{/other_user}', 'gists_url': 'https://api.github.com/users/mvashishtha/gists{/gist_id}', 'starred_url': 'https://api.github.com/users/mvashishtha/starred{/owner}{/repo}', 'subscriptions_url': 'https://api.github.com/users/mvashishtha/subscriptions', 'organizations_url': 'https://api.github.com/users/mvashishtha/orgs', 'repos_url': 'https://api.github.com/users/mvashishtha/repos', 'events_url': 'https://api.github.com/users/mvashishtha/events{/privacy}', 'received_events_url': 'https://api.github.com/users/mvashishtha/received_events', 'type': 'User', 'site_admin': False}"
26,https://api.github.com/repos/pandas-dev/pandas/issues/46132,https://api.github.com/repos/pandas-dev/pandas/issues/46132/comments,"{'login': 'mvashishtha', 'id': 10712109, 'node_id': 'MDQ6VXNlcjEwNzEyMTA5', 'avatar_url': 'https://avatars.githubusercontent.com/u/10712109?v=4', 'gravatar_id': '', 'url': 'https://api.github.com/users/mvashishtha', 'html_url': 'https://github.com/mvashishtha', 'followers_url': 'https://api.github.com/users/mvashishtha/followers', 'following_url': 'https://api.github.com/users/mvashishtha/following{/other_user}', 'gists_url': 'https://api.github.com/users/mvashishtha/gists{/gist_id}', 'starred_url': 'https://api.github.com/users/mvashishtha/starred{/owner}{/repo}', 'subscriptions_url': 'https://api.github.com/users/mvashishtha/subscriptions', 'organizations_url': 'https://api.github.com/users/mvashishtha/orgs', 'repos_url': 'https://api.github.com/users/mvashishtha/repos', 'events_url': 'https://api.github.com/users/mvashishtha/events{/privacy}', 'received_events_url': 'https://api.github.com/users/mvashishtha/received_events', 'type': 'User', 'site_admin': False}"
27,https://api.github.com/repos/pandas-dev/pandas/issues/46129,https://api.github.com/repos/pandas-dev/pandas/issues/46129/comments,"{'login': 'McToel', 'id': 36071676, 'node_id': 'MDQ6VXNlcjM2MDcxNjc2', 'avatar_url': 'https://avatars.githubusercontent.com/u/36071676?v=4', 'gravatar_id': '', 'url': 'https://api.github.com/users/McToel', 'html_url': 'https://github.com/McToel', 'followers_url': 'https://api.github.com/users/McToel/followers', 'following_url': 'https://api.github.com/users/McToel/following{/other_user}', 'gists_url': 'https://api.github.com/users/McToel/gists{/gist_id}', 'starred_url': 'https://api.github.com/users/McToel/starred{/owner}{/repo}', 'subscriptions_url': 'https://api.github.com/users/McToel/subscriptions', 'organizations_url': 'https://api.github.com/users/McToel/orgs', 'repos_url': 'https://api.github.com/users/McToel/repos', 'events_url': 'https://api.github.com/users/McToel/events{/privacy}', 'received_events_url': 'https://api.github.com/users/McToel/received_events', 'type': 'User', 'site_admin': False}"
28,https://api.github.com/repos/pandas-dev/pandas/issues/46126,https://api.github.com/repos/pandas-dev/pandas/issues/46126/comments,"{'login': 'timlod', 'id': 7346303, 'node_id': 'MDQ6VXNlcjczNDYzMDM=', 'avatar_url': 'https://avatars.githubusercontent.com/u/7346303?v=4', 'gravatar_id': '', 'url': 'https://api.github.com/users/timlod', 'html_url': 'https://github.com/timlod', 'followers_url': 'https://api.github.com/users/timlod/followers', 'following_url': 'https://api.github.com/users/timlod/following{/other_user}', 'gists_url': 'https://api.github.com/users/timlod/gists{/gist_id}', 'starred_url': 'https://api.github.com/users/timlod/starred{/owner}{/repo}', 'subscriptions_url': 'https://api.github.com/users/timlod/subscriptions', 'organizations_url': 'https://api.github.com/users/timlod/orgs', 'repos_url': 'https://api.github.com/users/timlod/repos', 'events_url': 'https://api.github.com/users/timlod/events{/privacy}', 'received_events_url': 'https://api.github.com/users/timlod/received_events', 'type': 'User', 'site_admin': False}"
29,https://api.github.com/repos/pandas-dev/pandas/issues/46122,https://api.github.com/repos/pandas-dev/pandas/issues/46122/comments,"{'login': 'Sleepingwell', 'id': 294943, 'node_id': 'MDQ6VXNlcjI5NDk0Mw==', 'avatar_url': 'https://avatars.githubusercontent.com/u/294943?v=4', 'gravatar_id': '', 'url': 'https://api.github.com/users/Sleepingwell', 'html_url': 'https://github.com/Sleepingwell', 'followers_url': 'https://api.github.com/users/Sleepingwell/followers', 'following_url': 'https://api.github.com/users/Sleepingwell/following{/other_user}', 'gists_url': 'https://api.github.com/users/Sleepingwell/gists{/gist_id}', 'starred_url': 'https://api.github.com/users/Sleepingwell/starred{/owner}{/repo}', 'subscriptions_url': 'https://api.github.com/users/Sleepingwell/subscriptions', 'organizations_url': 'https://api.github.com/users/Sleepingwell/orgs', 'repos_url': 'https://api.github.com/users/Sleepingwell/repos', 'events_url': 'https://api.github.com/users/Sleepingwell/events{/privacy}', 'received_events_url': 'https://api.github.com/users/Sleepingwell/received_events', 'type': 'User', 'site_admin': False}"
